path	path_type	reason
_large_files/archive/pc/mod/0_Hyst_NPCs_Enhancement.archive.part001	large_file_part	body framework conflict (non-f80h)
_large_files/archive/pc/mod/0_Hyst_NPCs_Enhancement.archive.part002	large_file_part	body framework conflict (non-f80h)
_large_files/archive/pc/mod/00_Skin_TEX.archive.part001	large_file_part	skin/material replacement conflict
_large_files/archive/pc/mod/00_Skin_TEX.archive.part002	large_file_part	skin/material replacement conflict
_large_files/archive/pc/mod/00_Skin_TEX.archive.part003	large_file_part	skin/material replacement conflict
_large_files/archive/pc/mod/00_Skin_TEX.archive.part004	large_file_part	skin/material replacement conflict
_large_files/archive/pc/mod/00_Skin_TEX.archive.part005	large_file_part	skin/material replacement conflict
_large_files/archive/pc/mod/05_Hyst_Refit_ForcedBigBooba.archive.part001	large_file_part	body framework conflict (non-f80h)
_large_files/archive/pc/mod/05_Hyst_Refit_ForcedBigBooba.archive.part002	large_file_part	body framework conflict (non-f80h)
_large_files/archive/pc/mod/05_Hyst_Refit_ForcedBigBooty.archive.part001	large_file_part	body framework conflict (non-f80h)
_large_files/archive/pc/mod/05_Hyst_Refit_ForcedBigBooty.archive.part002	large_file_part	body framework conflict (non-f80h)
archive/pc/mod/0_Aurore_physics_clothed.archive	mod_file	body shape/physics/nude option conflict
archive/pc/mod/0_Aurore_physics_naked.archive	mod_file	body shape/physics/nude option conflict
archive/pc/mod/0_Aurore_pubic.archive	mod_file	body shape/physics/nude option conflict
archive/pc/mod/0_Aurore_size.archive	mod_file	body shape/physics/nude option conflict
archive/pc/mod/0_CheriNowlin_physics.archive	mod_file	body shape/physics/nude option conflict
archive/pc/mod/0_CheriNowlin_physics_nude.archive	mod_file	body shape/physics/nude option conflict
archive/pc/mod/0_CheriNowlin_size.archive	mod_file	body shape/physics/nude option conflict
archive/pc/mod/0_Clair_physics_naked.archive	mod_file	body shape/physics/nude option conflict
archive/pc/mod/0_Claire_default_futanude.archive	mod_file	body shape/physics/nude option conflict
archive/pc/mod/0_Claire_size.archive	mod_file	body shape/physics/nude option conflict
archive/pc/mod/0_doresette_physics_naked.archive	mod_file	body shape/physics/nude option conflict
archive/pc/mod/0_Evelyn_physics_nude.archive	mod_file	body shape/physics/nude option conflict
archive/pc/mod/0_floordancer_size.archive	mod_file	body shape/physics/nude option conflict
archive/pc/mod/0_Hanako_physics_clothed.archive	mod_file	body shape/physics/nude option conflict
archive/pc/mod/0_Hanako_physics_naked.archive	mod_file	body shape/physics/nude option conflict
archive/pc/mod/0_Hanako_size.archive	mod_file	body shape/physics/nude option conflict
archive/pc/mod/0_Hyst_NPCs_Enhancement.archive	mod_file	body framework conflict (non-f80h)
archive/pc/mod/0_Judy_jiggle.archive	mod_file	body shape/physics/nude option conflict
archive/pc/mod/0_Judy_jiggle_naked.archive	mod_file	body shape/physics/nude option conflict
archive/pc/mod/0_Judy_pubic.archive	mod_file	body shape/physics/nude option conflict
archive/pc/mod/0_Judy_size.archive	mod_file	body shape/physics/nude option conflict
archive/pc/mod/0_LizzyWizzy_physics_clothed.archive	mod_file	body shape/physics/nude option conflict
archive/pc/mod/0_LizzyWizzy_physics_naked.archive	mod_file	body shape/physics/nude option conflict
archive/pc/mod/0_Maiko_physics_clothed.archive	mod_file	body shape/physics/nude option conflict
archive/pc/mod/0_Maiko_physics_naked.archive	mod_file	body shape/physics/nude option conflict
archive/pc/mod/0_maiko_pubic.archive	mod_file	body shape/physics/nude option conflict
archive/pc/mod/0_Maiko_size.archive	mod_file	body shape/physics/nude option conflict
archive/pc/mod/0_Misty_physics_clothed.archive	mod_file	body shape/physics/nude option conflict
archive/pc/mod/0_Misty_physics_naked.archive	mod_file	body shape/physics/nude option conflict
archive/pc/mod/0_misty_size.archive	mod_file	body shape/physics/nude option conflict
archive/pc/mod/0_Panam_jiggle.archive	mod_file	body shape/physics/nude option conflict
archive/pc/mod/0_Panam_jiggle_naked.archive	mod_file	body shape/physics/nude option conflict
archive/pc/mod/0_Panam_size.archive	mod_file	body shape/physics/nude option conflict
archive/pc/mod/0_Rogue_physics_clothed.archive	mod_file	body shape/physics/nude option conflict
archive/pc/mod/0_Rogue_physics_naked.archive	mod_file	body shape/physics/nude option conflict
archive/pc/mod/0_Rogue_pubic.archive	mod_file	body shape/physics/nude option conflict
archive/pc/mod/0_Rogue_size.archive	mod_file	body shape/physics/nude option conflict
archive/pc/mod/0_Songbird_physics_clothed.archive	mod_file	body shape/physics/nude option conflict
archive/pc/mod/0_Songbird_physics_nude.archive	mod_file	body shape/physics/nude option conflict
archive/pc/mod/0_Songbird_size.archive	mod_file	body shape/physics/nude option conflict
archive/pc/mod/0_Stout_physics_clothed.archive	mod_file	body shape/physics/nude option conflict
archive/pc/mod/0_Stout_physics_naked.archive	mod_file	body shape/physics/nude option conflict
archive/pc/mod/0_Stout_size.archive	mod_file	body shape/physics/nude option conflict
archive/pc/mod/0_Tubedancer_size.archive	mod_file	body shape/physics/nude option conflict
archive/pc/mod/0_US_Cracks_physics_clothed.archive	mod_file	body shape/physics/nude option conflict
archive/pc/mod/0_US_Cracks_physics_naked.archive	mod_file	body shape/physics/nude option conflict
archive/pc/mod/0_Wheelan_physics_clothed.archive	mod_file	body shape/physics/nude option conflict
archive/pc/mod/0_Wheelan_physics_naked.archive	mod_file	body shape/physics/nude option conflict
archive/pc/mod/0_Wheeler_gravity.archive	mod_file	body shape/physics/nude option conflict
archive/pc/mod/0_Wheeler_gravity_naked.archive	mod_file	body shape/physics/nude option conflict
archive/pc/mod/0_wheeler_size.archive	mod_file	body shape/physics/nude option conflict
archive/pc/mod/0_Whelan_size.archive	mod_file	body shape/physics/nude option conflict
archive/pc/mod/00_Aurore_nobra.archive	mod_file	body shape/physics/nude option conflict
archive/pc/mod/00_CBP_NPCEHB_Compatibility_Patch.archive	mod_file	body framework conflict (non-f80h)
archive/pc/mod/00_Claire_pubic.archive	mod_file	body shape/physics/nude option conflict
archive/pc/mod/00_doresette_size.archive	mod_file	body shape/physics/nude option conflict
archive/pc/mod/00_Generic_NPC_body_enhancer.archive	mod_file	body framework conflict (non-f80h)
archive/pc/mod/00_Judy_pregnant_hangouts.archive	mod_file	body shape/physics/nude option conflict
archive/pc/mod/00_Judy_zero_romancepants.archive	mod_file	body shape/physics/nude option conflict
archive/pc/mod/00_Panam_zero_romancepants.archive	mod_file	body shape/physics/nude option conflict
archive/pc/mod/00_Skin_material.archive	mod_file	skin/material replacement conflict
archive/pc/mod/00_Skin_TEX.archive	mod_file	skin/material replacement conflict
archive/pc/mod/00_Songbird_no_nude_cyberware.archive	mod_file	body shape/physics/nude option conflict
archive/pc/mod/01_VTK_Microdetails_patch_1080p.archive	mod_file	body framework conflict (non-f80h)
archive/pc/mod/05_Hyst_Refit_ForcedBigBooba.archive	mod_file	body framework conflict (non-f80h)
archive/pc/mod/05_Hyst_Refit_ForcedBigBooty.archive	mod_file	body framework conflict (non-f80h)
archive/pc/mod/0Evst_Panam_default_body.archive	mod_file	body shape/physics/nude option conflict
archive/pc/mod/0Evst_Panam_without_underwear.archive	mod_file	body shape/physics/nude option conflict
archive/pc/mod/basegame_AMM_JudyBodyRevamp.archive	mod_file	body framework conflict (non-f80h)
archive/pc/mod/basegame_AMM_PanamBodyRevamp.archive	mod_file	body framework conflict (non-f80h)
archive/pc/mod/Citizen Breast Physics ENT Version 2.2 All-In-One.archive	mod_file	body framework conflict (non-f80h)
archive/pc/mod/Judy_Enhanced_Hyst_Body.archive	mod_file	body framework conflict (non-f80h)
archive/pc/mod/NakedNPCs-Judy-ApartmentNude.archive	mod_file	body shape/physics/nude option conflict
archive/pc/mod/PanamPajamaTweaksV12ToplessButSleepInFemVsShirt.archive	mod_file	body shape/physics/nude option conflict
archive/pc/mod/SP0 BODY MOD assets.archive	mod_file	body framework conflict (non-f80h)
bin/x64/plugins/cyber_engine_tweaks/mods/sp0_BODYMOD/altenabled	mod_file	body framework conflict (non-f80h)
bin/x64/plugins/cyber_engine_tweaks/mods/sp0_BODYMOD/altsavedlowerbodytype	mod_file	body framework conflict (non-f80h)
bin/x64/plugins/cyber_engine_tweaks/mods/sp0_BODYMOD/altsavedmuscular	mod_file	body framework conflict (non-f80h)
bin/x64/plugins/cyber_engine_tweaks/mods/sp0_BODYMOD/altsavedupperbodytype	mod_file	body framework conflict (non-f80h)
bin/x64/plugins/cyber_engine_tweaks/mods/sp0_BODYMOD/claireenabled	mod_file	body framework conflict (non-f80h)
bin/x64/plugins/cyber_engine_tweaks/mods/sp0_BODYMOD/clairesavedlowerbodytype	mod_file	body framework conflict (non-f80h)
bin/x64/plugins/cyber_engine_tweaks/mods/sp0_BODYMOD/clairesavedmuscular	mod_file	body framework conflict (non-f80h)
bin/x64/plugins/cyber_engine_tweaks/mods/sp0_BODYMOD/clairesavedupperbodytype	mod_file	body framework conflict (non-f80h)
bin/x64/plugins/cyber_engine_tweaks/mods/sp0_BODYMOD/db.sqlite3	mod_file	body framework conflict (non-f80h)
bin/x64/plugins/cyber_engine_tweaks/mods/sp0_BODYMOD/enabled	mod_file	body framework conflict (non-f80h)
bin/x64/plugins/cyber_engine_tweaks/mods/sp0_BODYMOD/eveenabled	mod_file	body framework conflict (non-f80h)
bin/x64/plugins/cyber_engine_tweaks/mods/sp0_BODYMOD/evesavedlowerbodytype	mod_file	body framework conflict (non-f80h)
bin/x64/plugins/cyber_engine_tweaks/mods/sp0_BODYMOD/evesavedmuscular	mod_file	body framework conflict (non-f80h)
bin/x64/plugins/cyber_engine_tweaks/mods/sp0_BODYMOD/evesavedupperbodytype	mod_file	body framework conflict (non-f80h)
bin/x64/plugins/cyber_engine_tweaks/mods/sp0_BODYMOD/fcitizenenabled	mod_file	body framework conflict (non-f80h)
bin/x64/plugins/cyber_engine_tweaks/mods/sp0_BODYMOD/fcitizenrandom	mod_file	body framework conflict (non-f80h)
bin/x64/plugins/cyber_engine_tweaks/mods/sp0_BODYMOD/fcitizensavedlowerbodytype	mod_file	body framework conflict (non-f80h)
bin/x64/plugins/cyber_engine_tweaks/mods/sp0_BODYMOD/fcitizensavedmuscular	mod_file	body framework conflict (non-f80h)
bin/x64/plugins/cyber_engine_tweaks/mods/sp0_BODYMOD/fcitizensavedupperbodytype	mod_file	body framework conflict (non-f80h)
bin/x64/plugins/cyber_engine_tweaks/mods/sp0_BODYMOD/hanakoenabled	mod_file	body framework conflict (non-f80h)
bin/x64/plugins/cyber_engine_tweaks/mods/sp0_BODYMOD/hanakosavedlowerbodytype	mod_file	body framework conflict (non-f80h)
bin/x64/plugins/cyber_engine_tweaks/mods/sp0_BODYMOD/hanakosavedmuscular	mod_file	body framework conflict (non-f80h)
bin/x64/plugins/cyber_engine_tweaks/mods/sp0_BODYMOD/hanakosavedupperbodytype	mod_file	body framework conflict (non-f80h)
bin/x64/plugins/cyber_engine_tweaks/mods/sp0_BODYMOD/init.lua	mod_file	body framework conflict (non-f80h)
bin/x64/plugins/cyber_engine_tweaks/mods/sp0_BODYMOD/judyenabled	mod_file	body framework conflict (non-f80h)
bin/x64/plugins/cyber_engine_tweaks/mods/sp0_BODYMOD/judysavedlowerbodytype	mod_file	body framework conflict (non-f80h)
bin/x64/plugins/cyber_engine_tweaks/mods/sp0_BODYMOD/judysavedmuscular	mod_file	body framework conflict (non-f80h)
bin/x64/plugins/cyber_engine_tweaks/mods/sp0_BODYMOD/judysavedupperbodytype	mod_file	body framework conflict (non-f80h)
bin/x64/plugins/cyber_engine_tweaks/mods/sp0_BODYMOD/mistyenabled	mod_file	body framework conflict (non-f80h)
bin/x64/plugins/cyber_engine_tweaks/mods/sp0_BODYMOD/mistysavedlowerbodytype	mod_file	body framework conflict (non-f80h)
bin/x64/plugins/cyber_engine_tweaks/mods/sp0_BODYMOD/mistysavedmuscular	mod_file	body framework conflict (non-f80h)
bin/x64/plugins/cyber_engine_tweaks/mods/sp0_BODYMOD/mistysavedupperbodytype	mod_file	body framework conflict (non-f80h)
bin/x64/plugins/cyber_engine_tweaks/mods/sp0_BODYMOD/panamenabled	mod_file	body framework conflict (non-f80h)
bin/x64/plugins/cyber_engine_tweaks/mods/sp0_BODYMOD/panamsavedlowerbodytype	mod_file	body framework conflict (non-f80h)
bin/x64/plugins/cyber_engine_tweaks/mods/sp0_BODYMOD/panamsavedmuscular	mod_file	body framework conflict (non-f80h)
bin/x64/plugins/cyber_engine_tweaks/mods/sp0_BODYMOD/panamsavedupperbodytype	mod_file	body framework conflict (non-f80h)
bin/x64/plugins/cyber_engine_tweaks/mods/sp0_BODYMOD/rogueenabled	mod_file	body framework conflict (non-f80h)
bin/x64/plugins/cyber_engine_tweaks/mods/sp0_BODYMOD/roguesavedlowerbodytype	mod_file	body framework conflict (non-f80h)
bin/x64/plugins/cyber_engine_tweaks/mods/sp0_BODYMOD/roguesavedmuscular	mod_file	body framework conflict (non-f80h)
bin/x64/plugins/cyber_engine_tweaks/mods/sp0_BODYMOD/roguesavedupperbodytype	mod_file	body framework conflict (non-f80h)
bin/x64/plugins/cyber_engine_tweaks/mods/sp0_BODYMOD/savedlowerbodytype	mod_file	body framework conflict (non-f80h)
bin/x64/plugins/cyber_engine_tweaks/mods/sp0_BODYMOD/savedmuscular	mod_file	body framework conflict (non-f80h)
bin/x64/plugins/cyber_engine_tweaks/mods/sp0_BODYMOD/savedupperbodytype	mod_file	body framework conflict (non-f80h)
bin/x64/plugins/cyber_engine_tweaks/mods/sp0_BODYMOD/stoutenabled	mod_file	body framework conflict (non-f80h)
bin/x64/plugins/cyber_engine_tweaks/mods/sp0_BODYMOD/stoutsavedlowerbodytype	mod_file	body framework conflict (non-f80h)
bin/x64/plugins/cyber_engine_tweaks/mods/sp0_BODYMOD/stoutsavedmuscular	mod_file	body framework conflict (non-f80h)
bin/x64/plugins/cyber_engine_tweaks/mods/sp0_BODYMOD/stoutsavedupperbodytype	mod_file	body framework conflict (non-f80h)
bin/x64/plugins/cyber_engine_tweaks/mods/sp0_BODYMOD/venabled	mod_file	body framework conflict (non-f80h)
